1;Afganistán;AFG;373.30;366.40;360.00;353.00;346.40;339.80;333.70;327.30;321.70;315.70;309.30;304.50;299.00;293.20;287.20;282.20;277.60;273.20;268.00;264.20;259.40;254.40;249.10;243.80;236.60;229.00;221.00;213.10;205.20;198.90;192.00;184.10;176.80;169.60;162.90;158.00;152.00;146.90;143.70;139.80;136.20;132.80;129.20;125.90;122.70;119.40;116.30;113.40;109.70;106.70;103.90;101.10
2;Albania;ALB;;;;;;;;;;;;;;;;;;;;;;;;52.10;50.10;48.40;47.20;45.60;44.00;42.80;41.20;39.60;38.30;37.10;35.80;34.60;32.70;31.10;29.30;27.80;26.30;25.00;23.50;22.20;21.00;19.70;18.70;17.80;16.90;15.80;15.00;14.30
3;Argelia;DZA;243.10;237.70;234.10;229.10;224.40;219.90;215.60;211.00;207.20;202.50;198.70;195.40;189.60;187.40;183.50;177.50;170.40;163.80;154.70;141.80;129.30;118.20;107.10;97.50;89.20;82.50;77.30;71.80;69.70;67.50;65.60;63.40;61.90;59.60;57.40;54.80;52.50;50.90;49.10;47.50;45.70;43.60;42.30;40.70;39.00;37.70;36.40;34.90;33.50;32.10;31.30;29.80
4;Samoa Americana;ASM;;;;;;;;;;;;;;;;;;;;;;;;;;;;;;;;;;;;;;;;;;;;;;;;;;;;
5;Andorra;AND;;;;;;;;;;;;;;;;;;;;;;;;;;;;;;;8.30;7.90;7.50;7.10;6.80;6.40;6.10;5.80;5.50;5.20;5.00;4.80;4.60;4.40;4.30;4.10;4.00;3.90;3.70;3.60;3.50;3.30
6;Angola;AGO;;;;;;;;;;;;;;;;;;;;292.20;286.00;282.40;278.00;273.80;269.10;265.00;259.90;256.30;251.40;247.10;243.20;239.10;235.40;230.90;226.30;221.70;217.20;212.10;207.80;203.50;199.30;195.40;191.20;187.10;183.30;179.10;175.60;172.00;167.40;164.50;161.00;157.60
7;Antigua y Barbuda;ATG;;;;;;;;;;;;;;;;;;;;;;;;;;;;;;;26.80;24.90;23.40;22.00;20.80;19.90;18.70;17.80;16.80;15.70;14.80;14.00;13.10;12.40;11.70;10.90;10.40;9.70;9.10;8.60;8.10;7.60
8;Argentina;ARG;74.00;73.20;72.20;71.40;57.50;57.50;58.70;58.60;58.40;58.80;58.20;57.90;57.70;57.60;58.10;56.60;55.10;53.70;51.20;47.60;44.30;41.20;38.30;36.40;34.80;33.40;32.10;30.80;29.70;28.70;27.60;26.60;25.70;24.90;24.20;23.40;22.70;22.00;21.40;20.80;20.30;19.70;19.00;18.40;17.80;17.20;16.70;16.10;15.50;15.00;14.50;14.10
9;Armenia;ARM;;;;;;;;;;;;;;;;87.80;84.30;80.70;77.70;74.20;71.40;68.40;65.50;63.10;60.40;57.90;55.60;53.40;79.30;49.10;47.20;45.30;43.40;41.70;39.80;37.90;36.10;34.30;32.80;31.30;29.80;28.30;27.00;25.70;24.70;23.20;22.30;21.10;20.20;19.20;18.30;17.50
10;Aruba;ABW;;;;;;;;;;;;;;;;;;;;;;;;;;;;;;;;;;;;;;;;;;;;;;;;;;;;
11;Australia;AUS;24.90;24.30;23.80;23.30;22.90;22.50;22.20;22.00;21.70;21.40;21.10;20.50;19.80;19.00;18.10;17.20;16.30;15.40;14.50;13.80;13.20;12.70;12.30;11.90;11.50;11.20;10.90;10.50;10.00;9.60;9.10;8.60;8.20;7.80;7.40;7.10;6.90;6.70;6.50;6.40;6.20;6.10;6.00;5.90;5.70;5.60;5.50;5.30;5.10;4.90;4.70;4.50
12;Austria;AUT;42.60;40.40;38.30;36.30;34.60;33.20;32.00;31.00;30.20;29.50;28.80;28.00;27.00;25.80;24.30;22.70;21.20;19.80;18.50;17.30;16.30;15.50;14.80;14.00;13.20;12.50;11.80;11.20;10.60;10.00;9.40;8.90;8.40;7.90;7.40;6.90;6.50;6.20;5.90;5.70;5.60;5.40;5.30;5.20;5.00;4.90;4.70;4.60;4.50;4.40;4.30;4.20
13;Azerbaiyán;AZE;;;;;;;;;;;;;;;;;;;;;109.20;106.90;106.00;104.40;103.20;101.30;100.30;98.70;97.50;96.00;94.50;93.50;92.60;91.60;87.70;84.40;80.80;77.60;74.50;71.60;68.60;66.40;63.30;61.00;59.10;56.80;54.40;52.90;50.20;49.10;46.40;44.70
14;Bahamas;BHS;;;;;;;;32.00;31.40;31.40;31.20;30.90;30.60;30.40;30.00;29.80;29.40;29.20;28.90;28.60;28.30;27.90;27.60;27.00;26.50;25.90;25.20;24.50;23.80;22.90;21.90;21.10;20.20;19.30;18.40;17.90;17.40;17.20;17.10;17.00;16.90;16.70;16.60;16.40;16.30;16.40;16.30;16.30;16.30;16.20;16.20;16.20
15;Bahrein;BHR;198.80;181.30;165.90;151.80;138.50;126.80;115.90;106.40;97.10;88.60;81.00;73.50;67.00;60.80;55.20;50.20;45.70;41.70;38.10;35.00;32.10;29.70;27.40;25.50;23.70;22.50;21.60;21.00;20.70;20.60;20.50;20.00;19.30;18.30;17.10;16.00;15.00;14.10;13.40;12.80;12.40;12.20;11.90;11.70;11.40;11.20;10.90;10.70;10.50;10.40;10.20;10.00
16;Bangladesh;BGD;248.10;243.90;240.30;237.30;234.30;231.80;230.10;228.30;227.30;226.40;225.70;225.10;223.50;221.90;220.80;219.80;216.80;213.30;207.50;199.30;193.10;186.20;183.10;179.10;172.10;165.70;159.00;152.80;148.10;143.70;138.80;134.00;128.00;121.90;116.50;110.80;104.50;99.20;93.90;89.30;84.40;80.00;75.70;71.70;67.70;64.10;60.70;57.40;54.30;51.40;48.70;46.00
17;Barbados;BRB;87.70;81.90;76.90;71.80;67.30;63.00;59.00;55.60;52.50;49.90;47.20;44.80;42.50;40.10;38.00;35.90;33.90;32.10;30.40;28.90;27.50;26.30;25.20;24.00;23.00;21.90;21.00;20.10;19.30;18.50;17.90;17.40;16.90;16.80;16.50;16.50;16.60;16.70;16.90;17.00;17.20;17.30;17.50;17.70;17.90;18.20;18.30;18.70;19.00;19.30;19.30;19.70
18;Belarús;BLR;;;;;;;;;;;;;;;;;;;;23.70;22.80;22.10;21.40;20.70;20.00;19.40;18.70;18.20;17.70;17.40;17.20;17.00;17.00;16.90;16.90;16.80;16.50;16.00;15.40;14.60;13.70;12.80;11.90;11.00;10.10;9.30;8.60;7.90;7.30;6.70;6.10;5.60
19;Bélgica;BEL;34.30;32.70;31.30;30.10;29.00;28.00;27.10;26.30;25.40;24.60;23.70;22.70;21.70;20.70;19.60;18.60;17.60;16.80;16.00;15.30;14.60;13.90;13.30;12.80;12.30;11.80;11.40;11.00;10.60;10.30;10.00;9.60;9.10;8.60;8.10;7.60;7.10;6.70;6.40;6.10;5.80;5.60;5.40;5.20;5.10;4.90;4.80;4.70;4.60;4.50;4.40;4.30
20;Belice;BLZ;;;;;;;;;;;;;;;;91.60;86.90;83.00;79.20;75.50;72.00;68.40;65.30;62.00;59.40;56.30;53.50;51.00;48.70;46.20;43.90;41.80;39.70;37.60;35.70;33.70;31.90;30.30;28.70;27.50;26.30;25.20;24.30;23.20;22.30;21.40;20.60;19.80;19.00;18.40;17.60;16.90
21;Benin;BEN;308.80;304.00;299.00;294.50;289.80;285.40;280.60;276.10;271.20;266.20;261.40;256.10;251.10;245.90;240.60;235.80;231.30;227.10;223.00;218.90;215.30;210.50;206.70;202.60;198.80;195.30;191.70;188.20;184.60;181.10;177.30;173.80;170.20;166.30;162.30;158.50;154.50;150.40;146.80;143.20;139.70;136.20;133.00;129.50;126.40;123.20;120.20;117.20;114.50;111.70;108.80;106.00
22;Bermudas;BMU;;;;;;;;;;;;;;;;;;;;;;;;;;;;;;;;;;;;;;;;;;;;;;;;;;;;
23;Bhután;BTN;;;;;;;;;;296.20;285.90;275.20;265.60;256.40;248.00;239.10;231.00;222.80;214.70;207.30;200.00;193.30;187.10;180.60;174.40;168.40;162.40;156.30;150.00;144.20;138.40;132.70;127.00;121.90;116.30;111.60;106.60;102.10;97.30;93.10;89.10;85.20;81.30;77.70;74.20;70.80;67.30;64.30;61.70;59.00;55.90;53.70
24;Bolivia;BOL;293.30;286.10;278.90;271.70;264.50;258.00;251.00;244.80;238.20;231.90;225.70;219.50;213.00;205.70;199.10;192.50;186.10;179.40;173.80;168.90;164.40;160.10;156.50;152.60;148.50;144.20;139.60;134.40;129.50;124.50;119.50;115.30;111.50;107.50;103.70;99.50;95.40;91.40;87.80;84.00;80.80;77.10;74.20;71.10;68.10;65.10;62.40;59.80;57.30;55.20;52.90;50.60
25;Bosnia y Herzegovina;BIH;;;;;;;;;;;;;;;;;;;;;;;;30.40;28.20;26.30;24.50;22.80;21.40;20.00;18.80;17.60;16.50;15.50;14.40;13.30;12.40;11.70;10.90;10.10;9.60;9.30;9.00;8.80;8.70;8.80;8.60;8.50;8.30;8.10;7.90;7.70
26;Botswana;BWA;162.80;159.10;155.30;151.60;147.60;144.10;141.10;138.20;135.80;134.00;130.90;126.80;122.40;116.80;111.50;105.20;99.70;93.30;86.90;82.10;77.80;73.50;69.40;66.20;63.50;60.60;58.70;56.70;55.10;53.50;52.80;53.20;54.80;57.40;60.80;64.80;68.80;72.70;75.90;78.80;81.10;80.80;78.40;72.10;59.10;46.10;37.90;34.20;32.60;30.10;27.50;25.90
27;Brasil;BRA;179.80;174.50;169.50;163.60;157.90;154.00;149.70;144.80;139.80;134.20;128.80;124.40;121.20;117.80;114.40;110.80;107.40;102.60;97.90;93.20;88.60;84.20;79.90;76.00;72.40;69.50;66.90;64.50;62.40;60.20;58.00;56.00;54.20;52.30;50.20;47.90;45.50;42.70;40.30;37.90;35.70;33.60;31.50;29.10;26.80;24.80;22.90;21.20;19.60;18.10;16.80;15.60
28;Brunei Darussalam;BRN;;;;;;;;;;;;;;;;;;;;;17.30;16.70;16.10;15.60;15.10;14.60;14.10;13.60;13.10;12.70;12.30;11.80;11.40;11.00;10.80;10.60;10.40;10.30;10.10;9.90;9.60;9.40;9.10;8.90;8.70;8.50;8.20;8.00;7.80;7.60;7.40;7.20
29;Bulgaria;BGR;;;49.20;47.90;46.60;45.50;44.10;42.90;41.60;40.50;39.30;38.00;36.70;35.70;34.90;34.00;33.10;32.00;31.00;29.90;28.80;27.70;26.60;25.60;24.60;23.70;23.00;22.50;22.30;22.20;22.20;22.30;22.50;22.80;22.90;22.90;22.70;22.40;22.00;21.40;20.70;19.90;18.90;17.90;16.90;16.00;15.30;14.60;13.90;13.30;12.70;12.10
30;Burkina Faso;BFA;339.60;334.40;330.70;325.10;319.90;314.30;308.50;303.50;297.50;294.40;290.90;287.90;285.10;282.20;276.50;273.10;268.30;262.60;255.80;247.90;241.80;235.70;231.00;226.20;221.90;218.10;215.10;212.50;210.80;210.00;208.40;206.90;205.00;203.00;200.80;198.70;195.60;191.90;188.70;185.20;181.50;177.90;174.70;171.10;168.20;164.50;161.70;157.30;154.80;151.90;148.80;146.40
31;Burundi;BDI;249.40;247.30;245.70;243.20;241.30;239.70;237.30;235.30;233.80;231.10;228.80;226.90;224.90;222.70;220.10;217.10;213.40;210.40;207.00;203.50;200.00;196.50;193.20;190.50;189.10;186.20;185.90;184.40;183.90;182.80;182.60;182.80;182.00;181.80;179.80;177.10;175.10;172.50;169.60;167.70;164.60;162.70;159.90;158.30;155.80;152.80;150.50;148.10;146.30;144.00;141.70;139.10
32;Camboya;KHM;;;;;;;;;;;;;;;;;;;;;186.70;169.40;152.50;139.30;128.70;123.70;120.50;118.80;118.00;116.90;116.70;116.90;117.30;117.60;118.30;118.90;119.40;119.10;115.70;108.70;101.50;94.50;87.30;80.80;74.50;68.70;63.30;58.00;53.70;49.70;46.00;42.50
33;Camerún;CMR;257.90;252.20;246.60;241.10;235.80;230.50;225.40;220.40;215.60;210.80;206.10;201.60;197.10;192.70;188.40;184.20;180.10;176.00;171.90;168.20;164.80;161.70;158.90;156.30;154.10;152.00;150.50;149.10;147.50;146.30;145.20;144.20;143.40;142.60;142.00;141.40;140.90;140.50;140.20;139.90;139.50;138.90;138.30;137.50;136.50;135.60;134.50;133.50;132.20;130.80;128.90;127.20
34;Canadá;CAN;32.70;31.50;30.40;29.20;28.10;27.10;26.00;24.90;23.80;22.80;21.90;20.90;19.90;18.90;17.90;16.90;16.00;15.10;14.20;13.40;12.60;11.90;11.20;10.70;10.20;9.80;9.50;9.20;8.90;8.50;8.30;8.00;7.70;7.40;7.20;7.00;6.80;6.60;6.40;6.30;6.20;6.20;6.20;6.10;6.10;6.00;6.00;5.90;5.80;5.70;5.60;5.60
35;Cabo Verde;CPV;;;;;;;;;177.40;167.20;159.80;150.70;142.30;136.50;130.20;123.60;117.50;112.20;106.20;100.70;95.60;91.10;86.60;81.50;77.00;72.60;67.90;63.80;61.30;59.60;58.00;56.80;55.20;53.60;51.30;49.30;47.00;44.80;43.10;41.10;38.90;36.90;34.80;32.80;31.00;29.30;27.80;26.30;25.00;23.70;22.50;21.30
36;Islas Caimán;CYM;;;;;;;;;;;;;;;;;;;;;;;;;;;;;;;;;;;;;;;;;;;;;;;;;;;;
37;República Centroafricana;CAF;309.90;299.60;290.10;281.00;272.20;263.70;255.80;248.00;240.50;233.20;226.20;219.30;212.60;205.80;199.20;193.50;188.60;184.20;180.50;177.50;175.20;173.60;172.00;170.50;169.30;168.40;167.70;167.70;167.60;168.10;169.10;170.10;171.10;171.80;172.30;172.60;172.80;172.70;172.50;172.30;172.00;171.40;171.10;170.70;170.30;169.80;168.70;167.60;166.70;165.70;164.60;163.50
38;Chad;TCD;;;;;;;;;262.60;259.60;257.00;254.20;251.60;248.80;245.90;243.30;240.80;238.30;235.50;233.20;230.80;228.50;225.70;223.40;221.30;219.10;216.70;214.50;212.50;210.30;208.30;206.10;204.20;202.20;200.20;198.10;196.30;194.30;192.50;190.60;188.50;186.70;184.90;183.50;181.40;179.60;177.90;176.10;174.70;172.50;171.30;169.00
39;Islas del Canal;CHI;;;;;;;;;;;;;;;;;;;;;;;;;;;;;;;;;;;;;;;;;;;;;;;;;;;;
40;Chile;CHL;162.60;151.40;141.00;131.10;121.80;113.10;105.10;97.70;91.10;85.70;81.60;77.90;74.90;70.70;65.80;60.00;54.30;48.60;43.10;38.10;33.90;30.50;28.00;26.00;24.50;23.30;22.30;21.40;20.60;19.70;18.70;17.50;16.30;15.30;14.40;13.60;12.90;12.30;11.80;11.30;10.80;10.40;10.00;9.70;9.50;9.30;9.20;9.10;9.00;8.90;8.80;8.70
41;China;CHN;;;;;;;;;132.30;124.10;116.60;109.30;102.70;96.30;90.40;84.80;79.40;74.60;69.90;65.80;62.40;59.20;56.00;53.80;53.10;51.50;51.10;50.50;50.00;49.50;48.90;48.70;48.50;48.00;47.10;45.50;43.90;41.90;39.50;37.00;35.00;32.70;30.30;28.10;25.90;23.90;22.00;20.40;18.80;17.30;15.90;14.60
42;Colombia;COL;;;;;;117.60;116.50;115.10;113.50;109.00;105.20;101.90;99.70;94.10;87.90;81.30;75.30;70.20;65.10;60.20;55.80;51.70;48.10;45.30;42.80;40.60;39.30;37.80;36.90;35.40;34.30;33.10;32.00;31.00;30.10;29.20;28.30;27.40;26.70;25.80;25.00;24.30;23.50;22.80;22.10;21.40;20.70;20.00;19.50;18.90;18.30;17.70
43;Comoras;COM;;;;;;258.10;250.00;244.30;237.60;225.20;218.60;213.20;206.80;199.60;194.10;188.60;182.80;177.50;172.20;166.80;162.40;157.30;152.80;148.20;143.70;139.10;134.40;130.00;126.50;124.30;121.70;119.40;117.50;115.10;112.60;110.40;109.00;106.30;104.60;101.50;99.60;97.70;96.00;93.80;91.90;90.80;88.10;87.00;84.60;83.40;81.30;79.30
44;Congo, República Democrática del;COD;;;;;;;;;254.20;249.20;244.10;239.40;234.80;230.00;225.60;221.10;216.50;212.00;207.90;203.50;199.30;195.50;191.40;187.50;183.60;181.40;181.40;181.40;181.40;181.40;181.40;181.40;181.40;181.40;181.40;181.40;181.40;181.40;181.40;181.40;181.40;181.40;181.40;181.40;181.40;181.40;179.00;176.70;174.40;172.10;169.90;167.70
45;Congo, República del;COG;174.20;171.30;170.00;167.30;165.60;163.30;160.00;158.20;156.20;154.10;152.20;149.70;147.50;145.50;143.70;141.40;139.50;137.80;135.30;133.40;131.40;129.00;126.70;125.90;125.20;124.40;123.00;121.50;120.60;119.50;118.80;117.70;116.50;115.70;114.80;113.40;112.70;111.20;110.50;109.00;108.80;108.00;106.70;106.00;105.00;103.70;103.30;102.10;101.20;100.50;99.60;98.80
46;Costa Rica;CRI;;;;;;93.70;89.30;84.80;80.10;75.90;71.40;67.30;62.30;56.70;50.70;44.60;39.20;34.60;31.00;28.20;25.90;24.30;23.30;22.50;21.80;21.00;20.20;19.40;18.60;17.90;17.20;16.70;16.20;15.80;15.50;15.20;14.80;14.40;13.90;13.40;12.90;12.30;11.70;11.30;10.90;10.70;10.50;10.40;10.30;10.30;10.10;10.10
47;Cóte d'Ivoire;CIV;323.70;313.40;303.40;293.60;284.20;275.00;266.10;257.50;249.20;241.10;233.40;225.90;218.60;211.50;204.50;197.90;191.70;185.90;180.50;175.60;171.30;168.20;164.80;161.80;159.70;157.80;155.90;154.70;153.60;152.40;151.40;150.50;149.50;148.40;147.30;146.10;144.70;143.30;141.80;140.30;138.60;136.70;134.70;132.60;130.50;128.20;126.10;123.80;121.10;118.80;116.70;114.90
48;Croacia;HRV;;;;;;;;;;;;;;;;;;;;;25.30;23.70;22.20;20.80;19.40;18.10;16.90;15.80;14.70;13.70;12.90;12.10;11.50;10.90;10.50;10.10;9.60;9.30;9.00;8.70;8.40;8.00;7.70;7.40;7.10;6.80;6.40;6.10;5.90;5.60;5.30;5.10
49;Cuba;CUB;;;50.50;49.50;48.20;46.90;45.60;44.20;42.80;41.40;40.50;38.40;35.90;33.50;30.90;28.60;26.60;24.80;23.40;22.10;21.00;20.30;19.70;19.10;18.50;17.80;17.00;16.10;15.20;14.20;13.30;12.70;12.10;11.50;11.00;10.60;10.20;9.80;9.40;8.90;8.50;8.10;7.70;7.40;7.10;6.90;6.70;6.50;6.30;6.10;5.90;5.80
50;Curacao;CUW;;;;;;;;;;;;;;;;;;;;;;;;;;;;;;;;;;;;;;;;;;;;;;;;;;;;
51;Chipre;CYP;;;;;;;;;;;;;;;;;;;25.60;23.40;21.20;19.30;17.60;15.90;14.60;13.30;12.50;11.90;11.50;11.10;11.00;10.80;10.50;10.10;9.60;9.00;8.40;7.90;7.40;6.90;6.50;6.20;5.80;5.50;5.20;4.90;4.60;4.20;3.90;3.60;3.40;3.10
52;República Checa;CZE;;;;;;;;;;;;;;;;;;;;;19.10;18.60;18.20;17.70;17.30;16.80;16.30;15.90;15.50;15.00;14.30;13.50;12.70;11.90;11.00;10.10;9.20;8.40;7.70;7.20;6.70;6.30;6.00;5.70;5.50;5.20;5.00;4.70;4.50;4.30;4.10;3.90
53;Dinamarca;DNK;24.90;24.30;23.50;22.70;21.80;20.80;19.90;19.10;18.20;17.30;16.40;15.50;14.70;13.90;13.10;12.40;11.70;11.20;10.80;10.40;10.10;9.90;9.70;9.60;9.60;9.60;9.60;9.50;9.40;9.10;8.70;8.20;7.80;7.40;7.00;6.60;6.20;6.00;5.80;5.70;5.60;5.50;5.40;5.20;5.10;4.90;4.70;4.50;4.30;4.10;3.90;3.70
54;Djibouti;DJI;;;;;;;;;;;;;;;;;;155.30;152.50;149.60;146.50;144.20;141.20;138.70;135.50;133.40;131.10;128.50;126.30;123.50;121.60;120.00;118.20;116.60;114.80;113.20;111.50;110.00;108.20;106.80;105.70;103.90;102.50;100.70;99.40;98.00;96.90;95.50;94.00;92.90;91.20;89.50
55;Dominica;DMA;163.50;147.60;132.70;118.70;106.30;95.50;85.80;76.30;68.50;61.20;54.40;48.60;43.60;39.10;35.10;31.30;28.20;25.20;22.40;20.60;19.30;18.10;17.40;16.80;16.60;16.40;16.50;16.70;17.00;17.20;17.40;17.50;17.50;17.40;17.00;16.70;16.50;16.10;15.70;15.30;14.90;14.50;14.30;13.90;13.70;13.50;13.20;12.90;12.70;12.30;12.10;11.80
56;República Dominicana;DOM;147.30;146.60;145.60;144.20;142.50;139.60;136.20;132.50;129.10;125.90;122.30;119.20;116.20;112.80;108.70;105.20;102.00;99.00;95.60;91.60;88.30;84.80;81.30;77.90;75.00;72.10;69.00;66.30;63.70;60.90;58.30;55.60;53.20;50.90;48.90;47.00;45.20;43.50;41.70;40.10;38.50;37.00;35.60;34.10;32.80;31.50;30.20;29.00;27.80;26.70;25.70;24.70
57;Ecuador;ECU;180.10;175.20;170.80;166.00;161.50;157.40;153.70;149.40;145.10;141.70;138.00;134.60;131.60;126.90;121.50;116.60;111.90;106.00;100.40;95.10;90.70;85.50;80.40;75.80;71.80;68.10;64.60;61.50;58.30;55.20;52.40;49.70;47.50;45.20;43.20;41.50;39.90;38.40;36.90;35.50;34.20;32.90;31.70;30.50;29.50;28.40;27.40;26.30;25.40;24.50;23.60;22.80
58;Egipto, República Árabe de;EGY;298.40;291.50;284.30;277.50;271.10;264.40;257.80;252.10;246.50;241.60;237.10;233.00;229.00;223.60;218.30;210.70;202.50;193.50;184.40;174.50;164.60;155.30;145.10;135.00;125.30;116.40;108.40;102.10;95.90;90.70;85.70;80.80;76.00;71.20;66.80;62.40;58.50;54.60;51.00;47.60;44.40;41.50;38.70;36.30;33.90;31.60;29.50;27.60;25.80;24.10;22.50;21.10
59;El Salvador;SLV;187.10;183.60;180.10;177.60;174.80;171.80;169.00;166.40;163.90;161.50;157.70;155.20;150.90;149.20;149.70;147.40;143.20;136.30;128.50;120.70;114.10;107.80;99.40;90.80;83.00;76.70;71.30;66.80;63.30;61.90;60.20;58.00;55.30;52.80;49.80;46.90;44.30;41.80;39.10;36.50;33.90;31.60;29.30;27.20;25.30;23.50;21.80;20.30;18.80;17.60;16.30;15.20
60;Guinea Ecuatorial;GNQ;;;;;;;;;;;;;;;;;;;;;230.90;228.10;223.90;217.90;213.60;210.10;206.00;201.40;197.50;193.50;189.60;186.30;182.50;178.50;174.40;170.30;167.00;162.90;159.90;155.50;152.20;149.10;145.50;142.70;139.00;136.40;132.50;130.60;127.10;123.80;122.00;118.10
61;Eritrea;ERI;;;;;;;;;261.70;253.80;247.40;239.90;233.30;227.30;220.90;214.70;208.40;202.90;196.50;192.10;186.30;181.30;176.10;171.30;166.70;162.00;157.40;152.30;147.30;142.20;137.70;133.00;128.50;124.40;120.30;116.40;112.20;108.70;105.10;101.70;98.20;94.80;91.40;88.70;85.60;82.80;80.40;77.40;75.00;72.20;69.80;67.80
62;Estonia;EST;;;;;;;;;;;;;;;;;;;;27.60;26.80;26.00;25.20;24.40;23.80;23.10;22.40;21.80;21.30;20.70;20.10;19.30;18.50;17.50;16.40;15.40;14.50;13.50;12.60;11.60;10.80;10.10;9.30;8.50;7.80;7.20;6.60;5.90;5.20;4.70;4.10;3.70
63;Etiopía;ETH;;;;;;228.90;229.30;229.70;229.80;229.70;230.30;230.10;230.30;230.20;230.10;230.40;230.20;230.20;230.10;229.80;228.40;227.10;225.70;224.10;220.30;215.80;211.90;208.20;205.00;201.90;198.30;193.90;188.40;182.60;176.40;170.10;163.60;157.40;150.90;144.70;138.60;131.50;124.60;118.20;112.40;106.60;100.90;95.80;90.30;85.80;81.50;77.00
64;Islas Feroe;FRO;;;;;;;;;;;;;;;;;;;;;;;;;;;;;;;;;;;;;;;;;;;;;;;;;;;;
65;Fiji;FJI;74.20;71.70;69.40;67.10;65.10;62.90;61.00;59.00;57.00;55.10;53.30;51.50;50.00;48.30;46.80;45.30;43.80;42.30;41.10;39.90;38.80;37.70;36.70;35.80;34.80;33.90;33.00;32.10;31.30;30.40;29.60;28.80;28.00;27.20;26.40;25.80;25.00;24.30;23.70;23.00;22.30;21.80;21.30;20.70;20.10;19.60;18.90;18.40;17.90;17.40;17.10;16.40
66;Finlandia;FIN;26.90;25.40;23.90;22.60;21.40;20.30;19.40;18.50;17.60;16.80;16.00;15.30;14.50;13.70;12.90;12.10;11.40;10.70;9.90;9.30;8.70;8.30;8.00;7.70;7.50;7.40;7.30;7.20;7.10;6.90;6.70;6.40;6.00;5.70;5.40;5.20;4.90;4.70;4.50;4.40;4.30;4.20;4.10;3.90;3.80;3.70;3.60;3.50;3.30;3.20;3.00;2.90
67;Francia;FRA;28.90;27.30;25.80;24.50;23.50;22.50;21.60;20.70;19.80;19.00;18.20;17.40;16.80;16.10;15.50;14.90;14.40;13.90;13.40;12.90;12.40;11.90;11.50;11.10;10.80;10.40;10.10;9.80;9.50;9.20;8.80;8.40;8.00;7.50;7.00;6.60;6.20;6.00;5.70;5.50;5.40;5.20;5.10;4.90;4.80;4.60;4.50;4.40;4.40;4.30;4.20;4.10
68;Polinesia Francesa;PYF;;;;;;;;;;;;;;;;;;;;;;;;;;;;;;;;;;;;;;;;;;;;;;;;;;;;
69;Gabón;GAB;;;;;;;;;;;;;;;130.70;127.80;125.10;122.50;119.90;117.40;114.90;112.60;110.20;107.90;105.70;103.50;101.40;99.50;97.80;96.10;94.40;92.80;91.30;89.90;88.60;87.40;86.20;85.20;84.20;83.30;82.40;81.60;80.40;79.30;77.90;76.50;75.00;73.20;71.10;69.20;67.40;65.60
70;Gambia;GMB;375.20;365.10;355.50;346.50;337.10;327.30;318.80;310.20;302.40;293.80;285.90;278.50;271.10;263.60;256.90;249.60;242.20;235.30;228.80;221.80;215.10;208.40;202.90;196.70;191.20;186.30;181.40;177.10;172.30;168.40;164.60;161.00;157.50;153.60;150.30;146.70;143.30;139.90;136.70;133.50;130.30;127.50;124.30;121.60;118.80;116.10;113.20;110.50;108.30;105.60;102.60;100.60
71;Georgia;GEO;;;;;;;;;;;;;;;;;;;;;;;;;;54.00;52.40;51.50;49.80;48.40;46.90;45.50;44.00;42.80;41.40;40.00;38.80;37.20;35.70;34.20;32.60;31.30;30.10;28.70;27.50;26.40;25.40;24.30;23.40;22.30;21.50;20.50
72;Alemania;DEU;;;;;;;;29.20;28.00;26.90;25.80;24.80;23.60;22.60;21.60;20.60;19.40;18.30;17.10;16.00;15.00;14.10;13.30;12.50;11.80;11.20;10.60;10.10;9.50;9.00;8.50;8.10;7.60;7.20;6.80;6.50;6.20;6.00;5.70;5.60;5.40;5.20;5.10;5.00;4.90;4.70;4.60;4.50;4.40;4.20;4.10;4.00
73;Ghana;GHA;215.20;211.00;207.60;203.30;199.50;196.20;193.20;190.60;187.80;185.30;183.00;180.60;178.10;175.30;172.70;170.00;167.40;164.70;161.50;158.70;155.10;153.40;151.90;150.50;148.30;144.90;140.70;135.20;129.80;124.80;120.90;117.90;114.80;112.70;111.10;109.20;107.50;105.50;103.30;101.10;98.70;96.80;94.60;92.40;90.80;88.40;86.50;84.60;83.00;81.00;79.60;77.60
74;Grecia;GRC;55.40;53.90;52.30;50.70;49.20;47.70;45.90;43.80;41.70;39.70;38.00;36.30;34.80;33.20;32.00;30.80;29.60;28.10;26.50;24.90;23.40;22.00;20.80;19.50;18.40;17.30;16.30;15.30;14.30;13.50;12.70;12.10;11.50;11.00;10.50;10.10;9.70;9.20;8.70;8.20;7.70;7.20;6.80;6.30;5.90;5.50;5.30;5.10;4.90;4.70;4.60;4.40
75;Groenlandia;GRL;;;;;;;;;;;;;;;;;;;;;;;;;;;;;;;;;;;;;;;;;;;;;;;;;;;;
76;Granada;GRD;;;;;;;;;;;;;;;;;;;;;;;;;;24.80;23.90;23.10;22.40;21.70;21.00;20.30;19.70;19.10;18.60;18.10;17.60;16.90;16.50;16.10;15.70;15.50;15.10;14.90;14.70;14.30;14.00;13.80;13.50;13.30;13.10;12.80
77;Guam;GUM;;;;;;;;;;;;;;;;;;;;;;;;;;;;;;;;;;;;;;;;;;;;;;;;;;;;
78;Guatemala;GTM;210.60;207.30;203.40;199.30;195.60;192.10;188.30;184.70;180.20;176.40;172.40;168.30;163.90;159.60;155.50;152.10;148.10;144.30;140.10;135.50;130.50;125.40;120.10;114.40;108.80;102.70;97.40;92.20;87.30;82.50;78.00;73.60;69.60;65.90;62.60;59.60;57.00;54.60;52.40;50.30;48.20;46.20;44.40;42.50;40.70;39.20;37.60;36.10;34.40;33.10;31.60;30.40
79;Guinea;GIN;327.50;325.50;324.00;322.40;320.70;320.50;319.10;319.10;317.40;317.30;316.30;315.20;312.30;308.60;305.10;300.90;295.70;291.10;285.70;281.50;276.40;271.90;267.10;262.70;257.60;252.50;247.40;242.80;237.70;232.90;228.20;223.30;218.50;213.30;207.40;201.60;196.00;190.40;184.50;179.00;174.50;169.00;164.00;159.60;154.40;150.10;145.30;141.60;137.40;133.30;129.80;125.80
80;Guinea-Bissau;GNB;254.20;253.20;251.00;250.90;249.30;248.30;247.10;245.80;244.00;243.40;242.20;241.70;241.60;241.30;239.70;238.80;236.90;236.40;235.30;234.50;232.80;231.40;228.60;227.40;224.80;223.10;221.20;218.10;215.30;213.70;210.40;207.60;206.30;202.50;200.50;198.90;196.40;193.20;191.10;188.20;185.80;183.60;180.60;178.10;175.70;172.80;172.20;169.30;166.40;164.50;161.70;160.60
81;Guyana;GUY;94.40;92.30;90.90;89.30;87.50;85.60;84.10;82.40;80.80;79.00;77.50;75.80;74.50;73.00;71.90;70.70;70.00;69.70;69.10;68.80;68.60;67.90;67.40;67.20;66.60;66.30;66.00;65.60;65.10;64.20;63.00;61.50;60.30;59.00;57.30;56.00;54.40;53.10;51.70;50.40;49.10;47.90;46.60;45.30;43.90;42.70;40.90;40.30;39.10;38.30;37.00;35.90
82;Haití;HTI;259.90;256.10;253.70;250.90;246.50;244.20;240.40;236.90;233.90;231.20;228.50;225.50;222.20;219.20;215.60;211.70;207.10;201.90;197.70;193.70;188.50;183.80;178.90;174.50;169.80;165.30;160.60;156.00;151.70;147.60;143.00;138.30;133.90;129.40;125.10;120.90;117.00;112.80;109.10;105.50;102.00;98.50;95.30;92.10;88.90;85.80;83.00;80.00;77.50;74.80;160.70;70.00
83;Honduras;HND;205.70;200.60;196.20;191.80;186.70;182.40;178.40;173.70;168.40;161.90;156.10;149.00;141.50;134.40;127.40;121.50;115.70;110.20;104.90;100.10;95.00;90.30;85.80;81.40;77.00;72.80;68.50;64.70;61.10;57.80;55.00;52.50;50.50;48.40;46.40;44.40;42.40;40.30;38.50;36.90;35.00;33.50;32.10;30.70;29.30;27.90;26.70;25.60;24.30;23.30;22.20;21.40
84;Hong Kong, Región Administrativa Especial;HKG;;;;;;;;;;;;;;;;;;;;;;;;;;;;;;;;;;;;;;;;;;;;;;;;;;;;
85;Hungría;HUN;60.10;57.40;54.90;52.70;51.00;49.30;47.80;46.40;45.20;44.10;43.40;42.70;41.80;40.50;38.80;36.90;34.80;32.70;30.50;28.50;26.90;25.80;25.10;24.40;23.60;22.90;22.20;21.50;20.70;19.70;18.70;17.70;16.80;15.90;15.00;14.10;13.40;12.70;12.10;11.50;11.00;10.40;9.80;9.30;8.80;8.40;7.90;7.60;7.20;6.90;6.60;6.30
86;Islandia;ISL;21.30;20.70;20.10;19.60;19.10;18.50;18.00;17.40;16.90;16.30;15.70;15.00;14.40;13.70;13.00;12.40;11.70;11.10;10.60;10.00;9.50;9.10;8.70;8.30;7.90;7.60;7.30;7.00;6.80;6.50;6.30;6.10;5.90;5.60;5.30;5.00;4.80;4.50;4.30;4.10;3.90;3.70;3.60;3.40;3.30;3.10;3.00;2.90;2.80;2.70;2.60;2.50
87;India;IND;239.00;233.60;228.10;222.90;217.80;212.60;207.80;203.00;198.20;193.70;189.20;184.90;180.90;176.40;172.00;167.50;163.20;159.00;155.00;151.00;147.30;143.50;139.60;135.80;132.10;128.80;125.60;122.50;119.70;116.80;114.20;111.50;109.00;106.60;104.00;101.40;98.50;95.80;93.20;90.50;87.70;85.00;82.40;79.60;77.20;74.60;72.30;70.00;67.70;65.50;63.40;61.30
88;Indonesia;IDN;216.40;210.80;204.90;199.70;195.40;191.30;186.80;181.10;175.20;169.10;163.50;157.50;152.10;147.30;142.70;138.50;134.10;130.10;126.40;123.20;119.90;116.10;112.10;108.10;104.30;100.30;96.50;92.70;88.70;85.10;81.60;78.00;74.50;71.10;68.30;65.30;62.60;59.40;56.70;54.50;52.50;50.50;48.20;46.00;43.90;42.00;40.10;38.20;36.80;34.80;33.30;31.80
89;Irán, República Islámica del;IRN;265.10;258.70;250.50;243.20;236.00;229.10;264.00;247.00;231.40;216.00;202.60;189.30;177.80;166.50;155.90;146.00;137.40;129.30;122.30;114.40;106.50;98.80;92.70;86.50;81.70;77.50;73.40;70.00;66.80;63.70;61.10;58.50;56.20;54.10;51.80;49.30;47.70;46.90;46.40;45.70;44.00;41.40;38.80;37.00;34.90;33.70;31.80;30.50;28.50;27.30;26.20;25.00
90;Iraq;IRQ;213.00;201.60;190.40;179.70;168.70;158.30;147.90;137.40;128.60;121.20;114.60;108.90;104.60;99.90;95.40;90.80;86.60;82.30;77.80;73.40;68.80;64.80;60.60;57.40;54.50;52.10;50.20;48.90;47.60;46.60;46.00;45.50;45.30;45.30;45.10;44.80;44.50;44.00;43.70;43.30;42.80;42.30;42.00;41.50;41.00;40.50;40.10;39.70;39.20;38.90;38.60;37.90
91;Irlanda;IRL;35.30;33.90;32.50;31.10;29.70;28.30;27.00;25.70;24.50;23.50;22.70;22.00;21.40;20.80;20.20;19.50;18.60;17.60;16.50;15.40;14.40;13.50;12.60;11.90;11.30;10.90;10.50;10.20;9.80;9.40;9.00;8.60;8.20;7.80;7.50;7.40;7.30;7.30;7.20;7.20;7.00;6.70;6.30;5.90;5.60;5.20;5.00;4.70;4.50;4.30;4.10;4.00
92;Isla de Man;IMN;;;;;;;;;;;;;;;;;;;;;;;;;;;;;;;;;;;;;;;;;;;;;;;;;;;;
93;Israel;ISR;;;;;;;;;;;;;;29.00;27.00;25.20;23.60;22.10;20.80;19.50;18.30;17.50;16.60;15.80;15.10;14.40;13.80;13.10;12.60;12.00;11.50;10.90;10.40;9.80;9.20;8.70;8.30;7.80;7.50;7.20;6.90;6.60;6.40;6.10;5.80;5.60;5.30;5.10;4.90;4.70;4.50;4.30
94;Italia;ITA;51.70;49.60;47.30;45.10;43.20;41.30;39.50;37.80;36.20;34.60;33.00;31.20;29.20;27.10;25.10;23.20;21.40;19.70;18.40;17.20;16.20;15.20;14.30;13.50;12.80;12.10;11.50;10.90;10.40;10.00;9.70;9.20;8.80;8.40;7.90;7.50;7.00;6.60;6.20;5.90;5.60;5.30;5.00;4.80;4.60;4.50;4.30;4.20;4.10;4.00;3.90;3.70
95;Jamaica;JAM;89.10;86.10;83.30;80.30;77.70;75.10;72.60;70.20;67.90;65.80;63.40;61.40;59.40;57.50;55.80;54.30;52.40;50.80;49.60;48.20;46.80;45.40;44.20;42.80;41.30;40.30;39.10;37.80;36.70;35.70;34.50;33.50;32.60;31.60;30.80;29.80;28.80;28.00;27.20;26.50;25.50;24.80;24.30;23.40;22.60;22.10;21.40;20.70;20.10;19.60;19.00;18.30
96;Japón;JPN;39.40;36.00;32.80;29.90;27.20;25.00;23.00;21.30;19.90;18.70;17.60;16.60;15.70;14.90;14.00;13.20;12.50;11.80;11.10;10.50;9.90;9.40;8.90;8.40;8.00;7.60;7.20;6.90;6.70;6.50;6.40;6.20;6.10;6.00;5.80;5.60;5.40;5.20;5.00;4.70;4.50;4.30;4.20;4.00;3.90;3.70;3.60;3.50;3.40;3.30;3.20;3.40
97;Jordania;JOR;161.90;153.10;144.30;135.90;127.50;120.90;114.60;109.80;105.40;101.10;96.70;92.50;88.30;84.40;80.30;76.20;72.50;69.00;65.40;62.30;59.20;56.10;53.20;50.40;47.60;44.90;42.50;40.60;39.00;38.00;36.70;35.60;34.60;33.50;32.80;32.20;31.20;30.40;29.50;28.80;28.00;27.20;26.60;25.70;25.00;24.40;23.70;23.20;22.60;21.80;21.10;20.70
98;Kazajstán;KAZ;;;;;;;;;;;79.40;78.60;77.00;75.30;74.80;73.70;72.50;71.60;70.60;69.60;68.30;67.50;66.30;65.50;64.20;62.90;61.70;60.40;59.40;58.10;57.00;55.70;54.60;53.30;52.00;50.60;49.10;47.30;45.70;44.20;42.30;40.70;39.30;37.90;36.40;35.20;33.70;32.80;31.30;30.10;29.20;28.30
99;Kenya;KEN;199.40;192.00;185.10;179.10;173.30;169.20;165.90;163.60;160.40;158.60;152.90;148.90;145.60;142.90;140.50;135.00;129.80;122.50;117.00;112.30;108.30;105.30;102.80;99.80;97.40;95.80;93.50;92.10;92.80;94.40;97.80;102.30;106.70;108.60;110.40;112.20;113.70;114.80;116.30;116.70;113.10;109.20;105.50;101.90;98.30;94.10;90.20;86.50;82.50;79.40;76.10;72.80
100;Kiribati;KIR;;;193.00;187.10;182.10;177.40;172.20;167.20;162.80;158.30;154.00;150.00;145.50;141.60;137.80;134.00;130.30;126.60;123.00;119.80;116.40;113.10;110.00;107.00;104.00;101.10;98.10;95.40;92.60;90.00;87.60;84.80;82.50;80.00;77.70;75.60;73.20;71.20;69.20;67.10;65.30;63.30;61.50;59.60;58.00;56.30;54.80;53.30;51.60;50.00;48.70;47.40
101;Corea, República Popular Democrática de;PRK;;;;;;;;;;;;;;;;;;;;;;;;;;;;;;;45.00;50.70;57.40;64.50;71.30;76.20;78.40;77.30;73.10;66.20;57.70;48.90;41.50;36.10;32.90;31.80;32.10;31.70;33.10;33.30;33.20;33.20
102;Corea, República de;KOR;119.40;109.40;100.30;92.30;85.70;79.00;73.10;66.30;60.30;54.30;48.70;43.90;39.50;35.90;32.40;29.30;26.50;24.00;21.50;19.60;17.80;16.20;14.80;13.40;12.00;10.90;9.90;9.20;8.50;8.00;7.50;7.00;6.70;6.40;6.30;6.20;6.10;6.00;5.90;5.90;5.70;5.70;5.60;5.50;5.40;5.30;5.20;5.10;5.00;4.90;4.90;4.80
103;Kosovo;KSV;;;;;;;;;;;;;;;;;;;;;;;;;;;;;;;;;;;;;;;;;;;;;;;;;;;;
104;Kuwait;KWT;115.60;107.60;100.90;94.60;88.50;83.00;77.80;72.90;68.50;64.30;60.20;56.40;53.00;50.30;47.60;45.50;43.20;41.10;38.60;36.20;33.70;31.40;29.20;27.20;25.10;23.00;21.30;19.70;18.50;17.60;16.90;16.20;15.50;15.00;14.50;14.00;13.60;13.30;13.10;12.90;12.70;12.50;12.40;12.20;12.00;11.80;11.70;11.50;11.30;11.20;11.00;10.90
105;Kirguistán;KGZ;;;;;;;;;;148.60;143.10;138.70;132.20;128.40;124.10;120.20;115.70;111.70;107.90;104.40;100.90;97.30;93.50;90.20;87.40;85.00;82.20;79.40;76.10;73.10;70.30;67.40;64.90;62.30;60.00;57.50;55.20;53.10;51.20;49.10;47.40;45.30;43.50;41.80;40.40;38.70;37.40;35.80;34.50;33.30;31.70;30.60
106;República Democrática Popular Lao;LAO;;;;;;;224.80;221.80;218.80;215.90;213.50;210.20;207.60;205.00;202.20;199.50;196.90;200.70;196.70;193.10;189.90;186.30;182.40;178.90;175.30;171.40;168.20;165.00;160.00;154.90;147.70;139.00;131.20;124.30;116.70;110.00;103.30;97.50;91.50;86.20;81.30;76.40;71.80;67.60;63.40;59.70;56.10;53.00;49.60;47.00;43.90;41.90
107;Letonia;LVA;;;;;;;;;;;;;;;;;;;27.90;26.80;25.80;24.70;23.80;22.80;21.90;21.00;20.20;19.90;19.90;20.20;20.60;21.30;22.00;22.60;22.90;22.50;21.70;20.60;19.60;18.50;17.30;16.10;15.00;14.20;13.40;12.60;11.80;11.00;10.20;9.60;8.90;8.30
108;Líbano;LBN;75.20;72.90;71.10;68.70;67.10;65.60;63.70;61.90;60.40;58.70;57.00;55.70;53.90;52.50;50.80;49.40;47.90;46.90;45.70;45.00;44.00;43.10;42.50;41.50;40.30;39.20;38.00;36.70;35.60;34.50;33.10;32.20;30.30;28.60;27.00;25.60;24.10;22.60;21.30;19.90;19.00;17.80;16.60;15.60;14.60;13.70;12.80;12.00;11.20;10.60;9.90;9.30
109;Lesotho;LSO;192.50;190.10;187.70;186.60;185.90;184.80;183.90;182.80;181.00;179.30;177.20;174.30;170.70;167.10;162.40;154.60;147.30;140.00;133.40;126.50;120.50;115.20;111.30;107.90;104.30;101.20;98.20;94.20;91.60;89.40;87.50;86.30;85.80;86.90;89.60;94.10;99.50;105.20;110.20;114.30;117.30;119.00;119.90;120.30;120.00;118.90;116.40;110.70;98.60;95.80;93.00;86.00
110;Liberia;LBR;319.80;319.60;319.10;317.90;312.80;306.70;299.30;292.90;287.30;283.50;279.50;274.00;267.30;261.80;258.80;256.40;252.80;247.30;241.70;237.90;237.30;234.90;231.00;226.90;227.70;228.80;232.00;234.90;238.30;240.30;241.20;241.80;237.00;232.60;227.70;218.80;208.50;199.00;186.60;174.30;163.80;153.60;144.10;134.30;126.10;116.80;109.70;103.60;96.40;89.20;83.10;78.30
111;Libia;LBY;267.70;249.50;233.90;219.10;205.90;192.60;179.60;168.00;157.60;147.90;138.50;130.20;121.80;114.50;107.30;100.20;94.00;88.30;82.80;77.30;72.40;67.70;63.60;60.80;58.30;56.10;53.40;51.00;48.50;46.20;44.10;42.00;39.80;37.90;36.30;34.60;33.10;31.40;29.90;28.50;27.10;25.90;24.70;23.60;22.40;21.50;20.50;19.50;18.70;17.70;17.00;16.20
112;Liechtenstein;LIE;;;;;;;;;;;;;;;;;;;;;;;;;;;;;;;10.00;9.60;9.20;8.80;8.40;8.00;7.60;7.20;6.80;6.40;6.00;5.50;5.00;4.50;4.00;3.50;3.00;2.50;2.10;2.10;2.10;2.10
113;Lituania;LTU;;;;;;;28.60;27.90;27.00;26.30;25.70;25.20;24.80;24.30;24.10;24.20;24.20;23.90;23.50;23.00;22.40;21.80;21.00;20.30;19.50;18.70;18.00;17.40;17.10;17.20;17.40;17.50;17.60;17.30;16.90;16.10;15.10;14.10;13.20;12.40;11.80;11.20;10.80;10.30;9.70;9.10;8.50;7.90;7.30;6.70;6.20;5.70
114;Luxemburgo;LUX;;;;31.00;29.50;27.90;26.50;25.10;23.80;22.70;21.50;20.50;19.50;18.50;17.60;16.80;16.00;15.20;14.50;13.90;13.20;12.80;12.30;11.80;11.40;11.00;10.50;10.00;9.40;8.90;8.40;7.90;7.40;7.00;6.70;6.40;6.10;5.80;5.50;5.20;4.90;4.70;4.60;4.40;4.20;4.10;3.90;3.80;3.60;3.50;3.30;3.20
115;Región Administrativa Especial de Macao, China;MAC;;;;;;;;;;;;;;;;;;;;;;;;;;;;;;;;;;;;;;;;;;;;;;;;;;;;
116;Ex República Yugoslava de Macedonia;MKD;;;;;;;;;;;;;;;;;;;;;60.70;58.40;55.90;53.70;51.50;49.20;46.90;44.80;42.30;40.00;37.60;34.80;32.00;29.20;26.80;24.50;22.40;20.30;18.60;17.20;16.30;15.60;14.90;14.30;13.80;13.30;12.70;12.00;11.40;10.80;10.20;9.60
117;Madagascar;MDG;;;;;177.20;176.30;176.10;175.50;175.50;175.30;175.60;175.40;175.50;175.60;175.50;175.40;175.20;175.10;175.00;175.60;176.20;177.50;177.30;177.50;177.10;176.20;174.60;171.80;168.70;166.00;161.20;155.60;150.20;144.20;137.70;131.60;125.20;119.80;114.00;108.70;104.10;98.90;94.40;90.10;85.80;81.80;77.40;74.20;70.80;67.20;64.30;61.60
118;Malawi;MWI;364.40;361.40;377.00;371.90;366.50;361.20;355.60;350.10;344.50;339.00;333.60;328.00;321.50;314.00;306.30;297.80;288.70;279.90;271.50;263.40;256.30;250.40;245.40;241.20;239.40;237.70;236.20;235.00;234.40;231.00;227.00;222.70;218.50;214.00;209.00;203.80;197.70;189.00;180.30;171.90;164.10;156.60;149.50;142.60;135.90;129.00;121.80;109.70;102.30;95.40;89.00;82.60
119;Malasia;MYS;93.00;88.00;83.80;79.30;75.20;71.30;67.50;64.00;60.60;57.40;54.40;51.50;48.80;46.10;43.70;41.40;39.20;37.10;35.00;33.00;31.10;29.30;27.60;26.00;24.50;23.00;21.60;20.40;19.30;18.20;17.20;16.30;15.40;14.60;13.90;13.30;12.70;12.10;11.60;11.10;10.60;10.10;9.70;9.30;8.90;8.50;8.10;7.80;7.40;7.10;6.80;6.50
120;Maldivas;MDV;;386.20;371.20;356.40;341.70;328.30;314.80;302.00;289.80;277.80;266.20;255.10;244.80;234.90;224.90;215.60;206.00;196.70;187.70;178.60;169.60;161.40;153.60;145.70;138.20;131.40;124.70;119.80;113.80;109.40;105.20;100.50;96.30;92.30;88.20;83.70;77.80;74.10;68.10;59.70;52.70;45.30;38.90;33.90;29.40;25.70;22.30;19.30;16.60;14.40;12.40;10.70
121;Malí;MLI;449.80;441.60;433.10;425.40;417.40;410.20;402.00;394.80;387.20;379.80;372.70;365.70;359.00;352.10;345.50;339.20;332.70;326.50;320.60;314.70;308.60;303.10;297.50;292.20;287.10;281.90;276.90;272.00;267.20;262.00;257.30;252.80;248.10;243.50;239.10;234.70;230.60;226.20;222.30;218.20;214.40;210.60;206.70;203.00;199.50;195.90;192.30;188.80;185.40;182.10;178.90;175.60
122;Malta;MLT;41.80;40.00;38.40;36.80;35.30;33.80;32.40;31.10;29.80;28.50;27.20;25.90;24.60;23.50;22.40;21.40;20.40;19.50;18.60;17.70;16.90;16.00;15.30;14.70;14.10;13.50;13.10;12.60;12.20;11.70;11.30;10.80;10.40;9.90;9.50;9.20;8.90;8.50;8.20;7.90;7.80;7.50;7.30;7.20;7.00;6.80;6.60;6.40;6.30;6.20;6.10;5.90
123;Islas Marshall;MHL;134.30;130.20;126.80;122.50;119.10;114.80;111.50;107.50;104.60;101.40;98.10;95.50;92.30;89.20;86.50;83.00;80.60;78.70;75.80;73.60;70.80;68.80;66.60;64.70;62.10;60.40;58.30;56.50;55.10;53.50;51.90;50.30;48.50;47.30;45.60;44.20;42.90;41.50;39.80;38.80;37.50;36.60;35.30;33.90;33.10;31.70;31.20;29.90;28.80;28.20;27.70;26.20
124;Mauritania;MRT;242.50;236.10;230.40;224.30;219.30;215.00;210.90;208.20;204.60;200.90;197.40;193.60;189.90;186.50;182.80;179.50;176.70;173.50;169.00;164.10;158.90;153.40;148.40;144.00;139.90;136.50;133.50;131.70;128.90;126.40;124.70;123.60;122.90;122.20;121.40;120.60;119.70;119.10;118.70;117.90;117.90;117.20;116.60;116.40;115.90;115.50;114.50;114.30;113.70;113.40;112.90;112.10
125;Mauricio;MUS;102.60;98.20;94.20;92.20;90.90;90.60;89.70;88.50;87.60;86.40;84.70;81.30;76.80;72.20;67.50;62.60;57.30;52.10;47.60;43.70;40.10;36.90;34.50;32.60;31.10;29.50;28.20;27.00;26.00;25.00;23.90;23.00;22.40;22.00;21.90;21.70;21.60;21.10;20.50;19.60;18.60;17.70;16.90;16.40;16.00;15.90;15.70;15.60;15.50;15.40;15.20;15.10
126;México;MEX;145.60;142.10;137.80;133.80;129.90;125.80;122.40;118.50;114.90;111.20;108.10;104.90;101.90;98.20;94.10;89.70;85.70;81.50;77.50;74.20;71.10;68.30;65.70;62.90;60.60;58.40;56.30;54.30;52.40;50.60;48.80;47.20;45.00;42.80;40.70;38.80;36.60;34.60;32.70;30.80;29.10;27.50;25.90;24.50;23.20;21.90;20.80;19.60;18.60;17.60;16.60;15.70
127;Micronesia (Estados Federados de);FSM;;;;;;;;;;;;;;;;;;;;;63.60;62.70;61.90;61.30;60.30;59.90;59.30;58.50;57.90;57.20;56.40;55.50;54.80;53.90;53.20;52.40;51.50;50.80;50.10;49.30;48.60;48.00;47.30;46.60;46.00;45.30;44.80;44.00;43.50;42.70;42.00;41.50
128;República de Moldova;MDA;;;;;;;;;;;70.30;67.70;65.50;63.10;61.00;59.10;56.90;55.00;53.10;51.20;49.50;47.90;46.30;44.70;43.30;42.00;40.40;39.20;37.50;36.30;34.90;33.60;32.20;31.10;30.10;28.80;27.60;26.70;25.60;24.70;23.80;22.90;22.00;21.10;20.50;19.60;19.10;18.50;17.70;16.80;16.60;16.00
129;Mónaco;MCO;;;;;;;;;;;;;;;;;;;;;;;;;;;;;8.50;8.20;7.80;7.40;7.10;6.80;6.50;6.30;6.00;5.80;5.50;5.30;5.10;4.90;4.80;4.70;4.60;4.50;4.40;4.30;4.20;4.10;4.00;3.90
130;Mongolia;MNG;;;;;;;;;;;;;;;;;;157.30;152.50;148.90;145.30;141.80;137.50;133.90;130.00;126.40;123.10;120.00;116.90;111.90;106.50;100.90;96.30;91.80;87.30;83.50;79.80;76.00;72.00;67.60;63.40;59.40;55.60;52.20;48.80;45.70;42.80;40.10;37.60;34.90;33.00;30.70
131;Montenegro;MNE;;;;;;;;;;;;;;;;;;;;;;;;;;20.60;19.90;19.30;18.70;18.10;17.60;17.10;16.50;15.90;15.50;15.00;14.50;14.10;13.80;13.20;12.60;12.00;11.50;10.90;10.40;9.90;9.40;9.00;8.50;8.00;7.60;7.20
132;Marruecos;MAR;215.30;211.00;207.40;203.40;200.00;196.30;192.90;189.00;185.00;181.00;176.50;173.00;170.20;167.40;164.30;159.90;155.20;149.30;142.80;136.10;129.30;122.80;116.80;110.80;105.20;100.10;95.80;92.00;88.30;84.80;81.30;78.20;74.90;71.80;68.50;65.60;62.70;60.00;57.40;55.10;52.70;50.50;48.50;46.50;44.50;42.60;40.70;39.10;37.40;35.70;34.30;32.80
133;Mozambique;MOZ;;;;291.80;289.40;287.00;284.60;282.20;279.70;277.30;275.00;272.60;270.40;268.10;266.00;264.00;262.20;260.20;257.80;255.00;251.70;248.20;244.60;241.40;238.80;236.90;235.10;233.00;230.10;227.50;225.70;224.00;221.50;217.90;211.80;205.10;198.30;191.30;184.00;177.70;172.10;165.80;158.90;152.10;145.60;139.30;133.20;125.90;119.30;113.30;108.40;103.10
134;Myanmar;MMR;;;;;;;;184.50;180.20;175.80;172.00;167.60;164.30;160.40;156.80;153.50;149.90;146.20;143.00;139.70;136.50;133.60;130.20;127.10;124.30;121.40;118.60;115.70;112.70;110.00;107.40;104.60;102.00;99.90;97.10;95.00;92.80;90.10;87.80;85.90;83.50;81.70;79.50;77.10;75.40;73.40;71.60;70.00;68.30;66.30;64.50;62.40
135;Namibia;NAM;;;;;;;;;118.10;115.70;113.40;111.20;108.90;106.60;104.50;102.20;100.10;97.90;95.90;93.80;91.80;89.90;88.00;86.10;84.30;82.60;80.80;78.80;76.60;74.60;72.80;71.20;69.80;69.00;68.40;68.40;68.80;69.70;70.90;72.20;73.50;74.50;75.00;74.80;73.70;69.00;63.10;58.60;54.30;50.10;45.90;41.50
136;Nepal;NPL;289.70;285.50;281.40;277.10;272.90;268.90;264.50;260.60;256.80;253.00;249.20;245.30;241.50;237.00;232.30;227.60;222.00;216.80;211.00;205.80;199.70;193.80;187.20;180.90;174.50;168.10;161.20;154.70;147.80;141.00;134.60;128.20;122.40;116.70;111.10;106.00;100.90;96.00;91.60;87.20;82.90;78.90;75.10;71.60;68.00;64.60;61.50;58.40;55.60;52.90;50.30;48.00
137;Países Bajos;NLD;20.90;20.40;19.80;19.30;18.70;18.30;17.90;17.40;16.80;16.30;15.80;15.20;14.70;14.10;13.60;13.10;12.60;12.10;11.70;11.30;10.90;10.60;10.40;10.20;9.90;9.70;9.40;9.20;8.90;8.60;8.30;8.00;7.70;7.40;7.20;6.90;6.70;6.50;6.40;6.30;6.20;6.00;5.90;5.80;5.50;5.30;5.10;4.90;4.60;4.40;4.20;4.00
138;Nueva Caledonia;NCL;;;;;;;;;;;;;;;;;;;;;;;;;;;;;;;;;;;;;;;;;;;;;;;;;;;;
139;Nueva Zelandia;NZL;27.70;26.80;25.80;24.80;23.90;23.20;22.60;22.10;21.60;21.20;20.70;20.30;19.80;19.30;18.80;18.20;17.70;17.10;16.60;16.00;15.60;15.10;14.70;14.40;14.10;13.80;13.40;12.90;12.30;11.70;11.10;10.50;10.00;9.50;9.10;8.70;8.40;8.10;7.90;7.60;7.40;7.20;7.00;6.90;6.80;6.60;6.50;6.40;6.20;6.10;6.00;5.90
140;Nicaragua;NIC;192.60;189.40;186.30;182.70;179.90;176.70;173.50;170.70;167.20;164.10;161.20;157.40;154.80;150.30;145.30;140.60;134.20;127.90;121.00;114.00;106.50;100.20;93.70;88.50;85.00;79.90;76.60;73.70;70.90;68.50;66.10;63.30;60.50;57.90;55.20;52.70;50.40;48.30;46.10;44.20;42.30;40.40;38.70;36.90;35.30;33.70;32.30;30.90;29.50;28.20;27.00;25.60
141;Níger;NER;;;;;;;319.40;320.30;321.80;323.20;323.80;325.10;325.20;325.40;325.60;326.00;326.50;325.30;323.10;319.50;316.60;314.10;311.10;312.30;314.40;318.00;320.30;321.00;319.80;317.90;313.70;307.90;298.30;288.90;278.60;267.00;257.30;247.60;236.90;226.30;215.60;205.10;195.40;185.70;177.00;168.50;160.20;152.30;144.90;137.80;130.90;124.50
142;Nigeria;NGA;;297.10;293.10;288.40;283.90;278.90;274.70;270.90;266.20;261.30;258.50;253.70;250.20;246.60;243.30;239.30;235.30;230.20;226.00;221.50;217.30;214.70;212.50;211.40;209.90;209.90;211.10;212.00;213.10;213.20;213.60;213.80;214.30;214.10;212.80;211.30;207.20;203.40;199.60;193.60;187.90;181.30;174.60;168.30;162.00;156.00;150.30;144.60;139.10;133.90;129.20;124.10
143;Mariana;MNP;;;;;;;;;;;;;;;;;;;;;;;;;;;;;;;;;;;;;;;;;;;;;;;;;;;;
144;Noruega;NOR;22.70;22.10;21.50;20.80;20.20;19.60;18.90;18.20;17.50;16.80;16.20;15.50;14.90;14.20;13.50;12.90;12.20;11.60;11.10;10.60;10.30;10.10;10.00;10.00;10.00;10.00;10.00;9.80;9.40;9.00;8.40;7.80;7.20;6.60;6.20;5.80;5.50;5.30;5.10;5.00;4.90;4.70;4.50;4.30;4.20;4.00;3.80;3.70;3.50;3.40;3.20;3.10
145;Omán;OMN;342.20;323.60;308.00;290.50;274.20;261.00;245.80;231.90;220.20;207.00;195.00;182.80;172.90;163.50;153.10;144.10;135.30;126.20;117.00;109.00;101.10;94.10;87.10;80.50;74.30;68.50;63.10;59.00;54.70;50.60;47.50;44.40;41.30;38.60;35.80;33.00;30.50;28.00;25.80;23.60;21.70;20.10;18.50;17.00;15.60;14.40;13.30;12.20;11.20;10.30;9.40;8.70
146;Pakistán;PAK;237.60;228.50;219.70;211.80;204.10;198.90;194.00;190.00;185.60;183.60;181.50;178.50;174.60;171.10;166.40;161.60;156.60;152.50;148.80;146.80;145.20;143.40;141.70;140.20;137.80;135.70;132.80;129.80;126.70;124.60;122.20;120.00;117.40;114.90;112.70;109.80;106.30;102.70;99.90;97.80;95.30;93.00;90.60;88.60;86.20;83.90;82.00;80.00;78.10;75.70;73.70;72.00
147;Palau;PLW;;;;;;;;;;;;;;;;;;;;;;;;;;37.30;36.00;35.60;34.20;33.30;32.30;31.10;30.20;29.70;29.00;28.10;27.50;27.30;26.40;25.60;24.80;24.30;23.60;22.80;22.30;21.50;21.30;20.70;20.20;19.20;19.10;18.60
148;Panamá;PAN;81.80;79.50;77.40;75.30;73.40;71.50;69.40;67.30;65.40;63.50;61.60;59.50;57.60;55.90;54.00;52.50;50.70;49.10;47.60;46.00;44.40;43.00;41.60;40.30;39.00;38.00;36.90;36.00;35.10;34.10;33.30;32.40;31.60;30.80;30.00;29.20;28.50;27.80;27.10;26.40;25.70;25.10;24.50;23.90;23.30;22.70;22.20;21.70;21.10;20.60;20.00;19.50
149;Papua Nueva Guinea;PNG;202.40;197.00;191.10;185.50;180.00;174.70;169.70;164.50;159.60;155.00;150.60;146.40;142.30;138.40;134.10;130.30;126.60;123.10;119.20;115.50;111.80;108.60;105.90;103.10;100.90;98.40;96.10;93.90;91.90;89.80;88.00;86.00;84.40;82.30;80.80;79.20;77.70;76.10;74.60;73.30;71.70;70.70;69.20;68.00;66.40;65.40;63.80;62.70;61.50;59.70;59.50;57.80
150;Paraguay;PRY;80.90;81.80;82.00;81.60;80.70;79.90;78.70;78.10;77.60;76.20;74.60;73.30;72.80;71.90;71.70;71.50;71.70;71.00;70.60;70.20;68.30;66.60;65.40;64.30;62.50;60.30;58.60;56.80;55.20;54.10;52.60;51.30;49.20;47.30;45.20;43.40;41.50;39.80;38.20;36.70;35.30;33.80;32.30;30.80;29.90;28.60;27.50;26.20;25.40;24.30;23.40;22.40
151;Perú;PER;220.20;213.60;207.00;201.20;195.90;189.80;183.60;176.30;169.90;163.40;158.20;153.30;148.70;144.40;140.30;135.90;132.20;128.50;124.60;121.40;118.50;115.60;112.00;108.00;103.20;97.70;92.80;88.30;83.70;79.30;75.10;70.90;66.90;62.60;58.70;54.80;51.20;47.80;44.60;41.70;38.90;36.30;33.80;31.60;29.50;27.50;25.70;23.90;22.30;20.80;19.40;18.10
152;Filipinas;PHL;105.80;103.80;101.60;99.60;97.70;95.60;93.70;91.90;90.30;88.90;87.80;86.70;85.90;85.00;84.40;83.60;82.80;82.00;81.10;79.90;78.90;76.90;75.20;73.00;71.20;68.60;66.40;64.00;61.60;59.20;57.00;54.90;52.70;50.80;48.80;47.00;45.20;43.50;41.90;40.30;38.80;37.30;35.80;34.50;33.20;32.00;30.70;29.50;28.50;27.40;26.40;25.40
153;Polonia;POL;65.30;60.80;56.50;52.70;49.10;46.20;43.70;41.30;39.30;37.40;35.60;34.00;32.40;31.00;29.60;28.30;27.10;26.20;25.50;24.80;24.00;23.30;22.50;21.80;21.10;20.40;19.70;19.10;18.40;17.80;17.30;16.80;16.30;15.60;14.80;13.80;12.90;12.00;11.10;10.30;9.60;9.00;8.60;8.20;7.90;7.50;7.20;6.90;6.60;6.30;6.10;5.80
154;Portugal;PRT;111.70;107.10;102.10;96.90;91.60;86.60;82.10;78.30;74.20;70.10;65.90;61.70;57.00;52.40;47.60;43.20;39.40;36.00;33.00;30.40;28.00;26.10;24.40;23.00;21.70;20.40;19.20;18.00;16.90;15.70;14.60;13.50;12.50;11.50;10.70;10.00;9.30;8.70;8.20;7.70;7.20;6.70;6.10;5.60;5.20;4.90;4.60;4.30;4.00;3.80;3.60;3.40
155;Puerto Rico;PRI;;;;;;;;;;;;;;;;;;;;;;;;;;;;;;;;;;;;;;;;;;;;;;;;;;;;
156;Qatar;QAT;;;;;;;;;63.70;60.50;57.40;54.50;51.70;49.00;46.50;44.20;41.80;39.90;37.80;36.00;34.00;32.30;30.60;29.00;27.50;26.10;24.80;23.50;22.30;21.20;20.20;19.20;18.30;17.40;16.60;15.90;15.10;14.40;13.80;13.20;12.60;12.10;11.50;11.00;10.50;10.00;9.60;9.20;8.80;8.40;8.10;7.70
157;Rumania;ROU;;86.00;82.90;80.40;78.00;75.20;72.80;70.20;68.10;65.80;64.00;62.10;59.00;56.00;53.10;50.70;48.80;47.20;45.50;43.90;42.40;41.10;40.10;39.40;39.30;39.30;39.20;39.10;38.80;38.30;37.40;36.30;35.10;34.00;33.10;32.20;31.20;30.20;29.00;27.90;26.80;25.70;24.50;23.30;21.90;20.50;18.90;17.50;16.00;14.80;13.60;12.50
158;Federación de Rusia;RUS;;;;;;;;;;;40.40;39.70;38.90;38.10;37.30;36.60;35.80;35.10;34.40;33.70;32.90;32.30;31.60;31.00;30.40;29.80;29.30;28.70;28.30;27.70;27.30;26.90;26.50;26.10;25.70;25.20;24.50;23.90;23.20;22.40;21.30;20.30;19.30;18.30;17.40;16.50;15.70;14.80;14.00;13.30;12.50;11.90
159;Rwanda;RWA;228.30;225.00;221.90;218.70;215.40;213.30;212.20;213.40;215.90;219.10;223.00;227.10;231.00;234.20;237.70;240.40;243.80;242.20;236.10;225.80;212.80;198.00;184.60;174.90;166.90;162.90;160.00;157.30;154.90;153.40;156.30;163.00;182.40;208.40;299.00;275.10;227.20;237.80;244.10;205.00;183.00;165.40;149.60;134.20;120.50;108.00;96.60;86.00;75.80;67.70;60.40;54.10
160;Samoa;WSM;;;;;;;;;;;;;;;;;;;;;;;;43.30;40.70;38.60;36.50;34.60;32.90;31.20;29.50;28.00;26.40;25.70;25.20;24.70;24.40;23.90;23.50;23.10;22.70;22.30;21.90;21.50;21.20;20.90;20.50;20.00;19.80;19.30;18.90;18.70
161;San Marino;SMR;;;;;;;;;;;;;;;;;;;;;;;18.70;17.60;16.70;15.90;15.10;14.20;13.40;12.70;11.90;11.30;10.60;10.00;9.40;8.70;7.90;7.20;6.50;5.90;5.30;4.80;4.30;3.90;3.50;3.20;2.90;2.60;2.40;2.10;1.90;1.80
162;Santo Tomás y Príncipe;STP;;;;;95.90;96.20;96.30;95.60;96.20;95.80;95.50;95.60;95.30;95.40;95.90;95.70;96.00;96.10;95.90;96.00;96.40;96.30;96.30;96.50;96.40;96.70;96.90;97.00;97.10;96.80;96.00;96.10;95.40;95.10;95.10;94.10;93.70;93.30;92.80;93.30;92.50;92.30;91.30;91.00;90.20;90.80;90.20;89.60;89.70;89.10;89.10;88.80
163;Arabia Saudita;SAU;;;;;;;;;;;179.00;171.20;159.10;147.80;137.50;127.80;118.80;110.30;102.60;95.50;88.70;82.50;76.60;71.30;66.30;61.60;57.20;53.20;49.40;45.90;42.70;39.70;37.00;34.30;31.90;29.70;27.60;25.60;23.80;22.20;20.60;19.10;17.80;16.60;15.40;14.30;13.30;12.40;11.50;10.70;9.90;9.20
164;Senegal;SEN;292.10;291.20;290.90;292.60;295.40;298.00;300.60;300.60;299.60;296.60;294.60;288.30;281.60;273.30;263.20;252.70;241.90;230.60;219.70;209.90;201.40;194.70;189.40;184.20;177.80;169.50;160.70;152.20;144.80;139.70;135.90;135.20;136.80;138.50;140.20;141.70;143.10;142.20;140.60;136.60;130.40;124.80;117.60;110.30;103.70;97.00;90.60;84.70;78.70;73.50;69.10;64.80
165;Serbia;SRB;;;;;;;;;;;;;;;;;;;;;;;;46.70;43.50;40.50;37.90;35.30;32.80;30.60;28.60;26.60;24.50;22.60;20.70;19.00;17.40;16.00;14.70;13.70;12.70;11.90;11.10;10.50;9.80;9.20;8.80;8.40;8.10;7.70;7.40;7.10
166;Seychelles;SYC;93.10;90.90;88.50;86.00;83.10;80.50;77.30;74.40;71.60;68.90;65.60;62.30;58.40;54.10;50.40;46.20;42.40;39.00;35.60;32.80;30.30;28.10;25.90;24.10;22.50;21.10;19.80;18.90;18.00;17.30;16.60;16.00;15.40;15.10;14.80;14.50;14.30;14.10;13.90;13.80;13.80;13.70;13.60;13.70;13.70;13.80;13.80;13.80;13.80;13.80;13.90;13.80
167;Sierra Leona;SLE;388.50;389.90;390.90;392.30;391.60;387.20;383.50;377.60;369.40;357.60;341.50;329.90;319.30;309.00;296.80;292.00;282.20;276.40;272.40;269.60;263.60;259.60;254.40;250.20;244.20;244.80;245.90;251.70;254.40;257.70;266.70;275.10;275.00;276.30;271.80;262.40;254.90;245.70;242.90;242.20;240.60;235.50;230.00;225.30;219.50;214.40;209.30;204.00;199.70;193.90;188.80;185.30
168;Singapur;SGP;48.10;44.70;41.70;39.20;37.00;35.00;33.30;31.70;30.10;28.60;27.00;25.20;23.20;21.30;19.60;18.20;17.10;16.20;15.40;14.80;14.20;13.70;13.00;12.30;11.60;10.90;10.20;9.60;8.90;8.20;7.50;6.90;6.40;5.90;5.50;5.20;5.00;4.70;4.40;4.20;3.90;3.70;3.40;3.20;3.10;3.00;2.90;2.80;2.80;2.70;2.60;2.60
169;Sint Maarten (Dutch part);SXM;;;;;;;;;;;;;;;;;;;;;;;;;;;;;;;;;;;;;;;;;;;;;;;;;;;;
170;República Eslovaca;SVK;;;;;;;;;;;;;;;;;;;;;27.30;26.10;24.90;23.80;22.80;21.80;20.90;20.00;19.20;18.40;17.60;16.90;16.30;15.70;15.00;14.40;13.70;13.10;12.50;12.00;11.60;11.20;10.90;10.50;10.20;9.90;9.60;9.20;8.80;8.40;8.00;7.70
171;Eslovenia;SVN;;;;;;;;;;;;;;;;;;;;;19.30;18.20;17.20;16.20;15.20;14.30;13.50;12.60;11.90;11.10;10.40;9.60;9.00;8.30;7.80;7.30;6.80;6.30;5.90;5.60;5.40;5.20;5.00;4.80;4.50;4.30;4.00;3.80;3.50;3.30;3.00;2.80
172;Islas Salomón;SLB;172.40;164.40;155.70;147.70;139.90;133.30;126.40;119.50;113.40;107.60;102.40;97.00;92.20;87.40;83.10;79.00;75.20;71.00;67.60;64.30;61.10;57.90;55.20;52.60;50.80;49.20;47.70;46.10;44.70;43.30;41.80;40.70;39.30;38.00;36.90;35.80;34.80;33.60;32.40;31.40;30.50;29.60;28.80;27.80;26.90;26.10;25.50;24.50;23.80;23.20;22.20;21.60
173;Somalia;SOM;;;;;;;;;;;;;;;;;;;;;;;;180.00;180.00;180.00;180.00;180.00;180.00;180.00;180.00;180.00;180.00;180.00;180.00;180.00;180.00;180.00;180.00;180.00;180.00;180.00;180.00;180.00;180.00;180.00;180.00;180.00;180.00;180.00;180.00;180.00
174;Sudáfrica;ZAF;;;;;;;;;;;;139.50;133.10;127.10;121.30;115.70;110.60;105.60;100.90;96.40;92.10;88.00;84.20;80.50;77.10;73.80;70.70;67.90;65.40;63.50;62.30;61.50;60.90;60.60;60.90;61.80;63.40;65.70;68.50;71.40;74.10;76.30;78.30;79.30;79.10;78.20;75.80;71.10;66.60;61.30;52.60;46.70
175;Sudán del Sur;SSD;350.20;344.20;339.10;335.50;330.80;325.70;320.80;317.30;312.70;307.30;302.20;299.10;293.90;291.30;286.50;284.00;280.50;278.20;275.80;273.80;272.50;268.60;265.50;259.70;253.90;247.30;241.80;235.60;229.10;223.20;217.30;211.20;204.90;199.60;194.00;188.70;183.60;178.80;173.50;169.00;164.50;159.40;155.60;150.80;146.60;142.70;138.80;135.00;130.70;127.20;123.70;120.50
176;España;ESP;55.60;52.10;48.90;45.90;43.20;40.70;38.30;36.00;33.70;31.30;29.10;27.30;25.90;24.80;23.90;23.00;22.30;21.50;20.50;19.30;18.00;16.80;15.80;14.90;14.10;13.50;12.90;12.40;11.90;11.40;10.90;10.40;9.90;9.30;8.80;8.30;7.90;7.40;7.10;6.80;6.60;6.40;6.20;6.00;5.80;5.70;5.50;5.20;4.90;4.70;4.50;4.20
177;Sri Lanka;LKA;98.90;96.50;94.10;91.70;88.90;86.70;84.50;82.40;80.40;78.50;75.80;72.30;69.20;65.80;62.50;59.10;56.60;53.50;50.80;48.30;45.80;43.60;41.40;39.30;37.40;35.70;34.10;32.70;31.30;30.10;28.90;27.70;26.50;25.50;24.50;23.50;22.50;21.60;20.70;20.00;19.10;18.40;17.70;17.00;16.30;15.70;15.10;14.40;13.80;13.30;12.60;12.20
178;Saint Kitts y Nevis;KNA;;;;;;;;;;;71.20;68.70;66.00;63.50;61.00;58.40;55.90;53.60;51.30;49.00;47.00;45.00;43.20;40.90;38.80;36.80;34.70;32.60;31.10;29.60;28.30;27.20;26.20;25.30;24.30;22.90;21.40;20.10;18.60;17.40;16.30;15.10;14.20;13.30;12.30;11.40;10.60;10.00;9.30;8.60;8.10;7.40
179;Santa Lucía;LCA;;;;;;;;;;67.30;63.10;59.20;55.40;52.20;49.30;46.20;43.50;41.00;38.70;36.30;34.20;32.00;30.20;28.70;27.50;26.60;25.70;25.00;24.10;23.30;22.50;21.70;20.90;20.30;19.80;19.40;19.10;18.90;18.70;18.50;18.10;17.90;17.60;17.40;17.10;16.90;16.70;16.50;16.20;16.10;15.80;15.60
180;Isla de San Martín (parte francesa);MAF;;;;;;;;;;;;;;;;;;;;;;;;;;;;;;;;;;;;;;;;;;;;;;;;;;;;
181;San Vicente y las Granadinas;VCT;;;;;;;;;;;96.30;90.40;84.60;79.10;74.30;69.50;64.90;61.20;57.20;53.50;50.30;47.30;44.30;41.70;38.90;36.30;34.20;32.20;29.90;28.40;26.50;25.60;24.70;24.00;23.20;22.70;22.30;22.00;22.00;21.80;21.90;21.70;21.80;21.70;21.50;21.60;21.50;21.30;21.20;21.20;21.20;20.90
182;Sudán;SDN;174.20;170.60;167.40;164.60;161.50;158.50;155.20;152.70;150.50;149.30;147.90;146.90;145.70;144.60;143.60;142.40;141.80;141.40;140.70;139.90;138.90;137.50;136.00;135.20;133.70;132.40;130.70;128.80;127.10;125.10;122.80;120.90;118.70;116.60;114.60;112.60;110.20;108.80;107.20;105.60;103.70;102.30;100.30;98.50;96.90;95.10;93.90;92.40;91.00;89.00;87.70;86.00
183;Suriname;SUR;;;;;;;;;;;;;;;;;;;;;;65.20;63.30;62.00;60.50;58.90;57.50;55.80;54.70;53.20;51.90;50.80;49.30;48.10;46.70;45.40;44.50;43.20;41.90;40.70;39.90;38.60;37.50;36.60;35.70;34.50;33.80;32.70;32.00;30.90;29.80;29.50
184;Swazilandia;SWZ;216.40;213.30;210.10;206.90;203.80;200.60;197.50;194.20;190.90;187.30;181.30;174.10;169.30;163.50;158.50;152.30;145.70;136.90;130.50;123.50;117.70;111.90;107.90;102.70;99.20;95.30;91.10;87.60;85.90;83.10;83.30;83.00;81.80;84.10;87.10;90.90;95.10;99.60;104.50;109.60;114.20;118.10;121.80;125.00;127.10;128.20;124.60;120.60;119.00;115.30;109.20;103.60
185;Suecia;SWE;19.40;18.90;18.30;17.70;17.00;16.30;15.60;15.00;14.40;13.80;13.30;12.70;12.10;11.50;10.90;10.40;9.90;9.50;9.10;8.80;8.50;8.30;8.10;7.90;7.70;7.60;7.50;7.40;7.20;7.00;6.70;6.40;6.00;5.60;5.20;4.90;4.60;4.40;4.30;4.20;4.10;4.00;4.00;3.80;3.70;3.60;3.40;3.30;3.20;3.10;2.90;2.80
186;Suiza;CHE;26.60;25.80;25.10;24.30;23.40;22.50;21.60;20.70;19.80;19.00;18.30;17.40;16.50;15.60;14.70;13.80;13.00;12.20;11.50;11.00;10.50;10.10;9.80;9.50;9.20;9.00;8.90;8.70;8.60;8.30;8.10;7.80;7.40;7.10;6.70;6.40;6.20;6.00;5.90;5.80;5.70;5.60;5.50;5.30;5.20;5.10;4.90;4.80;4.70;4.60;4.50;4.40
187;República Árabe Siria;SYR;169.60;164.90;159.10;153.80;148.90;144.10;138.00;132.50;125.90;119.50;113.00;106.80;101.20;95.30;90.10;85.60;80.60;75.80;71.50;67.10;63.60;59.90;56.30;53.10;50.30;47.50;44.90;42.40;40.20;38.20;36.10;34.20;32.50;30.70;29.10;27.80;26.60;25.60;24.70;23.70;22.80;22.00;21.20;20.40;19.70;19.00;18.30;17.70;17.10;16.40;15.90;15.30
188;Tayikistán;TJK;;;;;;;;;;;;125.70;125.30;125.40;125.30;125.20;125.20;125.10;125.20;124.90;124.70;124.50;123.90;124.10;123.70;123.30;121.60;119.30;116.80;115.20;114.30;112.40;111.40;111.20;111.10;111.40;109.10;105.10;101.50;98.00;94.70;91.60;87.90;85.00;82.00;78.90;76.10;73.40;71.00;68.20;66.10;63.30
189;Tanzanía;TZA;243.90;240.10;236.40;232.60;229.00;225.50;222.00;218.70;215.40;212.00;208.40;204.50;200.50;196.40;192.30;188.20;184.40;180.70;177.60;174.70;172.30;170.00;168.10;166.60;165.20;164.40;163.20;162.00;160.50;159.30;157.90;157.10;156.40;155.60;154.60;152.80;148.90;144.30;138.40;132.30;126.40;120.40;114.70;109.10;103.60;98.10;92.70;87.20;82.00;77.20;72.50;67.60
190;Tailandia;THA;140.50;135.50;130.30;124.20;119.00;114.50;111.10;108.60;106.10;104.20;101.60;95.60;90.10;84.70;79.20;78.00;76.30;72.30;71.20;69.60;65.80;61.60;58.10;55.30;53.00;50.50;47.20;43.70;40.70;38.10;35.00;32.00;30.00;27.30;24.80;22.70;21.00;20.40;20.00;19.30;18.50;17.90;17.00;16.60;15.90;15.70;15.00;14.20;13.70;13.40;12.80;12.30
191;Timor-Leste;TLS;;;;;;;;;;;;;;;;;;;;;;;239.10;231.80;223.90;214.90;208.50;200.40;193.90;186.70;180.00;173.20;167.10;160.70;154.10;147.50;140.30;131.90;124.20;116.80;109.40;102.80;96.50;90.50;84.80;79.10;74.20;70.00;65.10;60.90;57.60;54.10
192;Togo;TGO;273.10;267.10;261.50;255.80;250.60;245.30;240.10;234.80;230.00;225.30;220.30;215.30;210.80;205.80;201.20;196.50;192.30;187.80;183.70;179.30;175.40;171.80;168.00;165.10;161.70;158.80;156.40;153.90;151.50;149.10;147.00;144.90;142.90;141.00;139.00;136.90;135.10;133.20;131.30;129.60;127.80;126.00;124.60;122.80;121.20;119.70;117.90;116.50;114.70;113.20;111.70;110.10
193;Tonga;TON;59.80;58.00;56.20;54.60;52.80;51.20;49.40;48.00;46.30;44.90;43.40;42.10;40.80;39.50;38.30;37.10;36.00;34.80;33.70;32.60;31.60;30.60;29.70;28.80;28.00;27.30;26.70;26.20;25.60;25.00;24.50;24.00;23.50;22.90;22.40;21.90;21.40;21.00;20.50;20.00;19.60;19.10;18.80;18.40;17.90;17.60;17.20;16.80;16.50;16.10;15.70;15.40
194;Trinidad y Tobago;TTO;63.00;61.70;60.60;59.30;58.00;56.90;55.70;54.70;53.50;52.50;51.50;50.30;49.40;48.30;47.40;46.40;45.40;44.50;43.80;43.10;42.40;41.90;41.30;40.70;40.10;39.70;39.00;38.50;37.90;37.40;36.80;36.30;35.90;35.30;34.90;34.20;33.80;33.50;32.90;32.60;32.10;31.60;31.20;30.90;30.40;29.90;29.60;29.10;28.70;28.30;28.00;27.70
195;Túnez;TUN;279.20;269.00;257.00;246.40;236.20;226.10;216.60;206.70;198.10;189.40;180.70;171.80;161.90;152.50;142.10;132.80;123.80;115.50;107.70;100.30;93.40;86.90;80.80;75.70;71.50;67.60;64.20;60.70;57.40;54.30;51.10;48.30;45.70;43.30;41.00;38.80;36.70;34.80;33.00;31.20;29.60;27.90;26.50;25.10;23.70;22.40;21.30;20.30;19.20;18.10;17.20;16.20
196;Turquía;TUR;258.10;252.20;244.20;235.80;228.10;220.60;213.90;207.80;203.30;199.00;194.40;189.00;183.70;177.30;170.60;163.50;155.80;148.60;142.30;135.90;129.50;121.90;114.90;108.70;102.30;95.90;89.90;84.40;80.10;76.00;72.00;68.10;64.60;61.00;57.00;52.70;48.40;44.50;41.30;38.20;35.30;32.80;30.30;28.20;26.00;24.00;22.30;20.60;19.10;17.70;16.30;15.20
197;Turkmenistán;TKM;;;;;;;;;;;;;;;;149.00;143.00;138.30;134.50;130.60;127.10;123.20;119.50;116.20;112.90;109.50;106.30;103.30;100.10;97.20;94.30;91.70;89.10;86.80;84.40;82.00;79.90;77.50;75.50;73.30;71.40;69.30;67.70;65.50;63.80;62.20;60.20;58.70;57.30;55.40;54.00;52.50
198;Islas Turcas y Caicos;TCA;;;;;;;;;;;;;;;;;;;;;;;;;;;;;;;;;;;;;;;;;;;;;;;;;;;;
199;Tuvalu;TUV;;;;;;;;;;;;;;;75.60;74.50;73.10;72.10;70.50;69.50;68.30;67.30;65.90;64.70;63.80;62.60;61.50;60.60;59.30;58.60;57.60;56.60;55.00;53.60;52.10;50.60;48.80;47.50;45.90;44.50;43.30;42.00;40.50;39.10;37.70;36.60;35.10;34.40;33.00;31.90;31.10;30.10
200;Uganda;UGA;214.70;212.10;209.70;207.30;204.90;202.60;200.20;197.70;195.10;192.50;189.90;187.60;185.70;184.00;183.40;183.40;184.00;185.30;186.80;188.20;189.30;190.80;192.10;191.70;191.10;189.30;187.20;184.80;182.30;180.00;178.00;175.90;173.80;171.70;168.90;165.90;162.10;157.50;152.10;146.30;140.50;134.90;129.80;124.90;120.10;115.50;111.00;106.60;102.10;97.80;94.20;89.90
201;Ucrania;UKR;;;;;;;;;37.00;35.70;34.30;33.20;32.00;31.00;29.90;29.00;28.10;27.30;26.40;25.60;24.90;24.30;23.90;23.30;22.70;22.30;21.60;21.00;20.40;19.90;19.40;19.10;19.00;18.90;18.90;19.00;19.10;19.30;19.50;19.20;18.60;17.60;16.80;16.10;15.20;14.40;13.50;12.70;12.00;11.40;10.70;10.10
202;Emiratos Árabes Unidos;ARE;193.40;179.10;166.20;155.20;142.90;132.50;122.60;115.00;106.40;98.40;91.70;85.30;79.10;72.90;67.60;63.10;58.20;54.10;50.20;46.50;43.10;40.20;37.20;34.60;32.00;29.80;28.00;26.30;24.70;23.50;22.20;21.00;19.80;18.60;17.60;16.50;15.70;14.80;13.90;13.10;12.30;11.70;10.90;10.40;9.80;9.30;8.70;8.20;7.80;7.40;7.00;6.60
203;Reino Unido;GBR;26.50;26.00;25.40;24.80;24.10;23.50;22.90;22.30;21.80;21.30;20.90;20.40;19.90;19.20;18.50;17.90;17.10;16.40;15.60;14.90;14.10;13.50;12.80;12.30;11.80;11.40;11.10;10.70;10.20;9.80;9.20;8.80;8.30;7.90;7.60;7.30;7.10;7.00;6.80;6.70;6.60;6.50;6.30;6.20;6.10;6.00;5.80;5.70;5.60;5.40;5.30;5.10
204;Estados Unidos;USA;30.10;29.50;28.90;28.20;27.60;27.00;26.30;25.60;24.80;24.00;23.10;22.30;21.40;20.50;19.60;18.80;18.00;17.20;16.40;15.70;15.00;14.40;13.90;13.50;13.10;12.70;12.40;12.20;11.90;11.60;11.30;10.90;10.50;10.10;9.80;9.50;9.20;9.00;8.80;8.60;8.50;8.40;8.30;8.20;8.10;8.00;7.90;7.80;7.70;7.60;7.50;7.50
205;Uruguay;URY;62.00;61.60;60.90;60.00;59.10;58.10;57.50;56.80;56.20;55.20;54.80;54.40;54.00;53.90;53.80;53.80;52.60;50.20;46.80;43.20;39.70;36.70;34.00;31.80;30.20;28.70;27.50;26.40;25.30;24.10;23.10;22.40;21.90;21.40;20.90;20.30;19.70;19.00;18.30;17.60;17.10;16.60;16.10;15.50;14.70;14.00;13.20;12.60;12.00;11.30;10.80;10.30
206;Uzbekistán;UZB;;;;;;;;;;;;;;;;;;;105.70;103.20;100.20;96.80;94.20;91.90;89.30;86.90;84.40;82.10;79.70;77.50;75.30;72.90;71.90;70.30;69.10;67.40;66.20;64.70;63.50;62.20;61.00;59.40;58.00;57.10;55.80;55.10;53.70;52.90;51.30;50.60;49.60;48.60
207;Vanuatu;VUT;159.70;152.60;146.70;140.80;133.50;128.20;122.60;117.20;112.10;106.80;102.20;97.70;93.80;89.60;85.60;82.30;79.20;76.50;73.40;68.80;65.40;61.60;58.30;55.40;52.70;49.90;47.20;45.10;42.70;40.60;38.50;36.70;34.70;33.00;31.30;29.70;28.30;26.90;25.50;24.40;23.00;21.90;20.80;19.70;18.90;17.90;16.80;16.20;15.20;14.60;13.70;13.20
208;Venezuela;VEN;81.10;78.70;76.60;74.50;72.40;70.40;68.40;66.30;64.50;62.60;61.00;59.30;57.80;56.20;54.80;53.20;51.60;50.00;48.30;46.60;44.90;43.10;41.60;40.00;38.50;37.10;35.70;34.50;33.30;32.20;30.90;29.80;28.60;27.60;26.90;26.10;25.50;24.70;23.90;23.10;22.30;21.50;20.70;19.90;19.20;18.50;17.90;17.30;16.70;16.10;15.60;15.00
209;Viet Nam;VNM;;;;;;;;;;;;;;;;;;;;;66.40;64.50;63.00;61.20;59.60;57.80;56.20;54.60;52.90;51.40;49.90;48.30;46.40;44.70;42.90;41.00;39.60;38.20;36.70;35.30;33.90;32.50;31.30;30.00;28.80;27.70;26.60;25.60;24.50;23.50;22.60;21.70
210;Islas Vírgenes (EE.UU.);VIR;;;;;;;;;;;;;;;;;;;;;;;;;;;;;;;;;;;;;;;;;;;;;;;;;;;;
211;Ribera Occidental y Gaza;PSE;;;;;;;;;;;;;;;115.30;109.50;101.50;95.20;89.10;84.00;78.50;73.70;69.10;64.80;60.60;57.00;53.80;50.80;48.00;45.60;43.10;40.80;38.90;37.10;35.70;34.70;33.80;32.80;32.00;31.00;30.10;29.30;28.50;27.80;27.10;26.20;25.60;24.80;24.00;23.40;22.60;22.00
212;Yemen, Rep. del;YEM;400.40;387.70;376.80;364.70;353.80;342.50;331.90;321.90;312.20;302.10;292.60;284.00;274.10;264.80;255.70;246.00;235.80;225.30;214.70;204.70;194.50;185.10;175.80;166.90;158.40;150.90;144.50;138.80;133.40;129.60;126.00;123.30;120.20;117.50;114.70;111.90;109.10;106.50;104.00;101.40;99.10;96.90;94.80;92.60;90.30;88.20;86.20;84.10;82.30;80.20;78.50;76.50
213;Zambia;ZMB;214.30;210.40;206.50;202.80;199.20;195.50;192.10;188.60;185.20;181.80;178.50;175.30;172.10;169.10;166.30;163.70;161.10;159.70;157.80;157.50;159.70;161.90;164.50;167.70;171.40;175.40;179.70;184.00;188.00;191.00;192.80;193.00;191.40;189.90;187.00;183.60;178.10;171.90;165.50;159.50;153.80;148.30;143.30;138.50;133.30;126.80;120.30;113.40;106.40;98.80;90.40;82.90
214;Zimbabwe;ZWE;152.40;148.90;145.50;142.30;139.00;135.90;132.50;129.00;125.60;122.00;118.50;116.10;114.30;113.80;113.00;113.40;114.00;113.80;111.00;108.90;104.30;99.00;93.30;88.40;84.00;80.00;77.70;76.10;75.90;76.80;79.20;81.60;84.10;87.20;90.50;93.80;96.90;100.00;102.70;104.80;105.80;105.20;103.60;101.30;97.70;93.80;90.40;86.00;81.70;77.80;72.40;67.10
